experimentDate,experimentName,timeInMs,fileName
"2023-07-13 11:51","partition number experiment: 1",timeInMs,"reddit_posts/1_partitions_20M_Reddit.csv"
"2023-07-13 11:51","partition number experiment: 1",28706,"reddit_posts/1_partitions_20M_Reddit.csv"
"2023-07-13 11:52","partition number experiment: 1",25504,"reddit_posts/1_partitions_20M_Reddit.csv"
"2023-07-13 11:52","partition number experiment: 1",24764,"reddit_posts/1_partitions_20M_Reddit.csv"
"2023-07-13 11:52","partition number experiment: 1",23966,"reddit_posts/1_partitions_20M_Reddit.csv"
"2023-07-13 11:53","partition number experiment: 1",26192,"reddit_posts/1_partitions_20M_Reddit.csv"
"2023-07-13 11:53","partition number experiment: 1",25752,"reddit_posts/1_partitions_20M_Reddit.csv"
"2023-07-13 11:54","partition number experiment: 10",27586,"reddit_posts/10_partitions_20M_Reddit.csv"
"2023-07-13 11:54","partition number experiment: 10",26685,"reddit_posts/10_partitions_20M_Reddit.csv"
"2023-07-13 11:55","partition number experiment: 10",26001,"reddit_posts/10_partitions_20M_Reddit.csv"
"2023-07-13 11:55","partition number experiment: 10",26132,"reddit_posts/10_partitions_20M_Reddit.csv"
"2023-07-13 11:56","partition number experiment: 10",27227,"reddit_posts/10_partitions_20M_Reddit.csv"
"2023-07-13 11:56","partition number experiment: 10",27135,"reddit_posts/10_partitions_20M_Reddit.csv"
"2023-07-13 11:57","partition number experiment: 10",27022,"reddit_posts/10_partitions_20M_Reddit.csv"
"2023-07-13 11:57","partition number experiment: 100",26251,"reddit_posts/100_partitions_20M_Reddit.csv"
"2023-07-13 11:58","partition number experiment: 100",26972,"reddit_posts/100_partitions_20M_Reddit.csv"
"2023-07-13 11:58","partition number experiment: 100",25916,"reddit_posts/100_partitions_20M_Reddit.csv"
"2023-07-13 11:58","partition number experiment: 100",26667,"reddit_posts/100_partitions_20M_Reddit.csv"
"2023-07-13 11:59","partition number experiment: 100",27403,"reddit_posts/100_partitions_20M_Reddit.csv"
"2023-07-13 12:00","partition number experiment: 100",31258,"reddit_posts/100_partitions_20M_Reddit.csv"
"2023-07-13 12:00","partition number experiment: 100",30945,"reddit_posts/100_partitions_20M_Reddit.csv"
"2023-07-13 12:01","partition number experiment: 1000",31280,"reddit_posts/1000_partitions_20M_Reddit.csv"
"2023-07-13 12:01","partition number experiment: 1000",29087,"reddit_posts/1000_partitions_20M_Reddit.csv"
"2023-07-13 12:02","partition number experiment: 1000",27761,"reddit_posts/1000_partitions_20M_Reddit.csv"
"2023-07-13 12:02","partition number experiment: 1000",28423,"reddit_posts/1000_partitions_20M_Reddit.csv"
"2023-07-13 12:03","partition number experiment: 1000",28435,"reddit_posts/1000_partitions_20M_Reddit.csv"
"2023-07-13 12:03","partition number experiment: 1000",28391,"reddit_posts/1000_partitions_20M_Reddit.csv"
"2023-07-13 12:04","partition number experiment: 1000",28637,"reddit_posts/1000_partitions_20M_Reddit.csv"
"2023-07-13 12:04","partition number experiment: 10000",28203,"reddit_posts/10000_partitions_20M_Reddit.csv"
"2023-07-13 12:05","partition number experiment: 10000",28559,"reddit_posts/10000_partitions_20M_Reddit.csv"
"2023-07-13 12:05","partition number experiment: 10000",28895,"reddit_posts/10000_partitions_20M_Reddit.csv"
"2023-07-13 12:06","partition number experiment: 10000",28787,"reddit_posts/10000_partitions_20M_Reddit.csv"
"2023-07-13 12:06","partition number experiment: 10000",26792,"reddit_posts/10000_partitions_20M_Reddit.csv"
"2023-07-13 12:06","partition number experiment: 10000",27488,"reddit_posts/10000_partitions_20M_Reddit.csv"
"2023-07-13 12:07","partition number experiment: 10000",28726,"reddit_posts/10000_partitions_20M_Reddit.csv"
"2023-07-13 12:07","partition number experiment: 1",28661,"ClickStream/1_partitions_2M_clickstream.csv"
"2023-07-13 12:07","partition number experiment: 1",7425,"ClickStream/1_partitions_2M_clickstream.csv"
"2023-07-13 12:07","partition number experiment: 1",5698,"ClickStream/1_partitions_2M_clickstream.csv"
"2023-07-13 12:08","partition number experiment: 1",5455,"ClickStream/1_partitions_2M_clickstream.csv"
"2023-07-13 12:08","partition number experiment: 1",7710,"ClickStream/1_partitions_2M_clickstream.csv"
"2023-07-13 12:08","partition number experiment: 1",5848,"ClickStream/1_partitions_2M_clickstream.csv"
"2023-07-13 12:08","partition number experiment: 1",5232,"ClickStream/1_partitions_2M_clickstream.csv"
"2023-07-13 12:08","partition number experiment: 10",6702,"ClickStream/10_partitions_2M_clickstream.csv"
"2023-07-13 12:08","partition number experiment: 10",6119,"ClickStream/10_partitions_2M_clickstream.csv"
"2023-07-13 12:08","partition number experiment: 10",9826,"ClickStream/10_partitions_2M_clickstream.csv"
"2023-07-13 12:09","partition number experiment: 10",10094,"ClickStream/10_partitions_2M_clickstream.csv"
"2023-07-13 12:09","partition number experiment: 10",8109,"ClickStream/10_partitions_2M_clickstream.csv"
"2023-07-13 12:09","partition number experiment: 10",6113,"ClickStream/10_partitions_2M_clickstream.csv"
"2023-07-13 12:09","partition number experiment: 10",6164,"ClickStream/10_partitions_2M_clickstream.csv"
"2023-07-13 12:09","partition number experiment: 100",5894,"ClickStream/100_partitions_2M_clickstream.csv"
"2023-07-13 12:09","partition number experiment: 100",6858,"ClickStream/100_partitions_2M_clickstream.csv"
"2023-07-13 12:09","partition number experiment: 100",6215,"ClickStream/100_partitions_2M_clickstream.csv"
"2023-07-13 12:09","partition number experiment: 100",6310,"ClickStream/100_partitions_2M_clickstream.csv"
"2023-07-13 12:09","partition number experiment: 100",6272,"ClickStream/100_partitions_2M_clickstream.csv"
"2023-07-13 12:10","partition number experiment: 100",6245,"ClickStream/100_partitions_2M_clickstream.csv"
"2023-07-13 12:10","partition number experiment: 100",6236,"ClickStream/100_partitions_2M_clickstream.csv"
"2023-07-13 12:10","partition number experiment: 1000",6207,"ClickStream/1000_partitions_2M_clickstream.csv"
"2023-07-13 12:10","partition number experiment: 1000",6898,"ClickStream/1000_partitions_2M_clickstream.csv"
"2023-07-13 12:10","partition number experiment: 1000",6528,"ClickStream/1000_partitions_2M_clickstream.csv"
"2023-07-13 12:10","partition number experiment: 1000",6670,"ClickStream/1000_partitions_2M_clickstream.csv"
"2023-07-13 12:10","partition number experiment: 1000",6064,"ClickStream/1000_partitions_2M_clickstream.csv"
"2023-07-13 12:10","partition number experiment: 1000",5920,"ClickStream/1000_partitions_2M_clickstream.csv"
"2023-07-13 12:11","partition number experiment: 1000",6267,"ClickStream/1000_partitions_2M_clickstream.csv"
"2023-07-13 12:11","partition number experiment: 10000",7441,"ClickStream/10000_partitions_2M_clickstream.csv"
"2023-07-13 12:11","partition number experiment: 10000",6928,"ClickStream/10000_partitions_2M_clickstream.csv"
"2023-07-13 12:11","partition number experiment: 10000",5924,"ClickStream/10000_partitions_2M_clickstream.csv"
"2023-07-13 12:11","partition number experiment: 10000",6844,"ClickStream/10000_partitions_2M_clickstream.csv"
"2023-07-13 12:11","partition number experiment: 10000",8636,"ClickStream/10000_partitions_2M_clickstream.csv"
"2023-07-13 12:11","partition number experiment: 10000",10089,"ClickStream/10000_partitions_2M_clickstream.csv"
"2023-07-13 12:12","partition number experiment: 10000",9526,"ClickStream/10000_partitions_2M_clickstream.csv"
